{"cameraMode":{"drawMode":0,"name":"Shaded","section":"Shading Mode"},"sceneLighting":true,"audioPlay":false,"sceneViewState":{"showFog":true,"showMaterialUpdate":false,"showSkybox":true,"showFlares":true,"showImageEffects":true,"showParticleSystems":true},"in2DMode":false,"pivot":{"x":-9.910222053527832,"y":-379.9224853515625,"z":181.9700164794922},"rotation":{"x":-0.5251584053039551,"y":0.00959657784551382,"z":-0.006231788545846939,"w":-0.8510102033615112},"size":440.0851135253906,"orthographic":false}