{"cameraMode":{"drawMode":0,"name":"Shaded","section":"Shading Mode"},"sceneLighting":true,"audioPlay":false,"sceneViewState":{"showFog":true,"showMaterialUpdate":false,"showSkybox":false,"showFlares":true,"showImageEffects":true,"showParticleSystems":true},"in2DMode":false,"pivot":{"x":-91.88883209228516,"y":176.5562286376953,"z":-774.736083984375},"rotation":{"x":0.02968369983136654,"y":-0.015582655556499958,"z":-0.00045749821583740413,"w":-0.99948650598526},"size":4.18345832824707,"orthographic":false}