{"cameraMode":{"drawMode":0,"name":"Shaded","section":"Shading Mode"},"sceneLighting":false,"audioPlay":false,"sceneViewState":{"showFog":true,"showMaterialUpdate":false,"showSkybox":false,"showFlares":true,"showImageEffects":true,"showParticleSystems":true},"in2DMode":false,"pivot":{"x":0.0337299108505249,"y":2.0011987686157228,"z":0.15455973148345948},"rotation":{"x":-0.0014965619193390012,"y":-0.9971103072166443,"z":0.07373348623514176,"w":-0.021600326523184778},"size":7.507110118865967,"orthographic":false}